城市1,城市2,距离（公里）,时间（小时）
武汉市,洛阳市,616.985,11.9
武汉市,三门峡市,749.621,14.2
武汉市,漯河市,410.419,7.4
武汉市,许昌市,464.083,8.6
武汉市,南阳市,374.387,7.3
武汉市,信阳市,220.78,4.5
武汉市,济源市,674.166,12.6
武汉市,濮阳市,723.633,13.5
武汉市,驻马店市,346.395,6.2
武汉市,鹤壁市,686.259,12.7
武汉市,焦作市,645.328,12.2
武汉市,郑州市,562.464,10.6
武汉市,安阳市,729.745,13.8
武汉市,周口市,436.148,8.1
武汉市,开封市,558.471,10.3
武汉市,新乡市,619.488,11.6
武汉市,商丘市,558.437,10.7
武汉市,平顶山市,481.991,9
武汉市,汕头市,1082.907,14.3
武汉市,佛山市,1017.124,13.8
武汉市,肇庆市,1046.137,13.9
武汉市,惠州市,979.662,12.9
武汉市,深圳市,1069.509,14.1
武汉市,珠海市,1112.894,14.8
武汉市,湛江市,1343.866,17.9
武汉市,江门市,1073.026,14.2
武汉市,潮州市,1062.144,14.1
武汉市,汕尾市,1096.163,14.4
武汉市,茂名市,1271.907,16.7
武汉市,阳江市,1207.276,15.9
武汉市,揭阳市,1038.909,13.8
武汉市,云浮市,1076.53,14.2
武汉市,河源市,899.893,11.8
武汉市,梅州市,935.177,12.3
武汉市,韶关市,782.292,10.6
武汉市,广州市,992.75,13.2
武汉市,清远市,939.382,12.5
武汉市,中山市,1080.29,14.4
武汉市,东莞市,1034.912,13.7
武汉市,乌海市,1512.51,19.7
武汉市,包头市,1505.321,19.6
武汉市,巴彦淖尔市,1652.797,21.3
武汉市,呼伦贝尔市,2582.616,34.4
武汉市,阿拉善盟,1432.057,18.9
武汉市,通辽市,1901.878,25.3
武汉市,兴安盟,2143.461,29.7
武汉市,锡林郭勒盟,1679.755,21.6
武汉市,呼和浩特市,1358.04,18.4
武汉市,赤峰市,1558.901,20.9
武汉市,乌兰察布市,1348.367,17.5
武汉市,鄂尔多斯市,1394.375,18.4
武汉市,大兴安岭地区,2839.541,37.2
武汉市,七台河市,2743.246,35
武汉市,鹤岗市,2751.204,35.1
武汉市,伊春市,2664.873,33.9
武汉市,哈尔滨市,2352.96,30.1
武汉市,绥化市,2455.849,31.4
武汉市,齐齐哈尔市,2422.449,32
武汉市,佳木斯市,2689.386,34.3
武汉市,大庆市,2370.817,30.2
武汉市,鸡西市,2700.593,34.5
武汉市,双鸭山市,2763.706,35.2
武汉市,黑河市,2846.004,37
武汉市,牡丹江市,2532.714,32.3
武汉市,铁门关市,3476.806,44.9
武汉市,塔城地区,3809.281,49.1
武汉市,北屯市,3554.196,46.1
武汉市,昆玉市,3986.929,51.5
武汉市,双河市,3722.215,47.5
武汉市,可克达拉市,3914.402,50.1
武汉市,和田地区,3924.578,51
武汉市,博尔塔拉蒙古自治州,3749.297,47.9
武汉市,乌鲁木齐市,3273.598,42
武汉市,昌吉回族自治州,3295.804,42.3
武汉市,阿勒泰地区,3601.533,46.8
武汉市,巴音郭楞蒙古自治州,3434.213,44.4
武汉市,五家渠市,3297.23,42.8
武汉市,阿克苏地区,3973.656,51.5
武汉市,石河子市,3396.796,43.5
武汉市,伊犁哈萨克自治州,3843.826,51.2
武汉市,阿拉尔市,3955.186,52
武汉市,喀什地区,4439.712,57.3
武汉市,克孜勒苏柯尔克孜自治州,4390.017,56.5
武汉市,吐鲁番市,3072.544,39.4
武汉市,图木舒克市,4195.72,54.2
武汉市,哈密市,2682.116,34.3
武汉市,克拉玛依市,3569.226,45.8
武汉市,胡杨河市,3532.738,45.4
武汉市,黄冈市,99.299,2.4
武汉市,十堰市,494.979,10
武汉市,襄阳市,336.554,6.8
武汉市,宜昌市,377.379,7.7
武汉市,天门市,141.833,3.5
武汉市,仙桃市,119.063,2.6
武汉市,孝感市,71.435,1.9
武汉市,神农架林区,447.664,6.1
武汉市,潜江市,171.756,3.7
武汉市,恩施土家族苗族自治州,665.196,13.7
武汉市,随州市,182.558,4.1
武汉市,荆门市,266.824,5.6
武汉市,荆州市,250.605,5.3
武汉市,咸宁市,117.59,2.7
武汉市,黄石市,129.768,2.9
武汉市,鄂州市,98.936,2.3
武汉市,葫芦岛市,1541.454,19.8
武汉市,沈阳市,1806.219,23.2
武汉市,盘锦市,1714.974,22.1
武汉市,抚顺市,1855.094,23.8
武汉市,大连市,1465.584,22.4
武汉市,阜新市,1721.342,22.2
武汉市,丹东市,1950.275,24.9
武汉市,锦州市,1586.654,20.4
武汉市,营口市,1730.321,22.4
武汉市,铁岭市,1856.469,23.8
武汉市,本溪市,1832.216,23.6
武汉市,朝阳市,1637.806,21.9
武汉市,辽阳市,1786.944,22.9
武汉市,鞍山市,1782.706,23.1
武汉市,烟台市,1227.266,16.9
武汉市,青岛市,769.382,10.6
武汉市,临沂市,807.395,11.2
武汉市,淄博市,977.17,12.9
武汉市,聊城市,773.332,10.3
武汉市,威海市,1284.04,17.7
武汉市,东营市,1076.089,14.1
武汉市,潍坊市,1035.596,14.4
武汉市,日照市,910.712,12.8
武汉市,滨州市,997.932,13.2
武汉市,枣庄市,718.86,14
武汉市,德州市,896.108,12.1
武汉市,菏泽市,637.636,12.6
武汉市,济南市,893.735,11.7
武汉市,泰安市,837.149,11
武汉市,济宁市,720.342,13.7
武汉市,汉中市,843.559,11.2
武汉市,铜川市,802.928,10.5
武汉市,榆林市,1215.669,16.2
武汉市,商洛市,666.282,13.2
武汉市,延安市,1040.037,13.6
武汉市,安康市,628.729,8.3
武汉市,西安市,741.757,9.8
武汉市,咸阳市,763.83,10.1
武汉市,宝鸡市,903.972,11.8
武汉市,渭南市,754.836,10.2
武汉市,上海城区,795.485,10.7
武汉市,遵义市,990.175,13.1
武汉市,铜仁市,755.856,10.2
武汉市,黔南布依族苗族自治州,1023.19,13.6
武汉市,六盘水市,1296.678,17.2
武汉市,黔西南布依族苗族自治州,1360.383,17.9
武汉市,安顺市,1145.785,15.1
武汉市,黔东南苗族侗族自治州,947.43,12.5
武汉市,毕节市,1188.994,15.6
武汉市,贵阳市,1058.696,13.9
武汉市,重庆郊县,785.932,10.5
武汉市,重庆城区,891.984,12.2
武汉市,昌都市,2238.475,34.3
武汉市,阿里地区,4511.83,62.3
武汉市,拉萨市,3130.964,50.4
武汉市,日喀则市,3396.905,54.6
武汉市,林芝市,2736.741,45.3
武汉市,山南市,3144.539,51
武汉市,那曲市,3161.155,44.7
武汉市,阜阳市,379.463,7.4
武汉市,马鞍山市,590.905,11.8
武汉市,淮北市,554.527,10.6
武汉市,铜陵市,491.391,9.6
武汉市,安庆市,386.879,7.8
武汉市,黄山市,624.777,12.6
武汉市,池州市,454.295,9.4
武汉市,蚌埠市,518.177,10.1
武汉市,滁州市,552.489,11.1
武汉市,宣城市,581.61,11.5
武汉市,宿州市,529.782,10.2
武汉市,淮南市,469.558,9.1
武汉市,芜湖市,555.837,10.9
武汉市,亳州市,495.549,9.5
武汉市,合肥市,420.003,8.2
武汉市,六安市,337.442,6.6
武汉市,莆田市,912.922,12.2
武汉市,福州市,901.099,11.9
武汉市,漳州市,983.192,13
武汉市,宁德市,927.058,12.3
武汉市,泉州市,957.35,12.6
武汉市,厦门市,979.879,13.1
武汉市,南平市,747.71,10
武汉市,龙岩市,877.932,11.6
武汉市,三明市,742.781,9.9
武汉市,怀化市,685.197,9.2
武汉市,衡阳市,569.69,11.1
武汉市,岳阳市,252.35,5.4
武汉市,湘西土家族苗族自治州,653.689,8.9
武汉市,长沙市,422.559,8.4
武汉市,张家界市,565.332,11.7
武汉市,常德市,407.236,8.5
武汉市,湘潭市,438.704,8.8
武汉市,株洲市,425.008,8.5
武汉市,邵阳市,639.201,12.6
武汉市,郴州市,701.116,14.3
武汉市,永州市,710.808,14.1
武汉市,益阳市,422.776,8.3
武汉市,娄底市,537.597,10.7
武汉市,琼海市,1620.162,21.9
武汉市,屯昌县,1603.006,21.6
武汉市,昌江黎族自治县,1678.691,22.6
武汉市,临高县,1573.36,21.3
武汉市,万宁市,1673.785,22.5
武汉市,东方市,1716.893,23.1
武汉市,定安县,1566.472,21.1
武汉市,白沙黎族自治县,1660.75,22.8
武汉市,琼中黎族苗族自治县,1647.536,22.2
武汉市,乐东黎族自治县,1734.389,23.2
武汉市,澄迈县,1545.481,21.1
武汉市,文昌市,1614.32,21.7
武汉市,儋州市,1615.928,22
武汉市,三沙市,2155.691,92.5
武汉市,陵水黎族自治县,1726.344,23.2
武汉市,三亚市,1793.724,24.4
武汉市,海口市,1507.886,20.4
武汉市,五指山市,1720.544,23.1
武汉市,保亭黎族苗族自治县,1753.54,23.5
武汉市,南通市,830.605,17.1
武汉市,连云港市,827.052,15.9
武汉市,淮安市,744.871,14.8
武汉市,扬州市,655.569,13.2
武汉市,盐城市,816.421,16.2
武汉市,宿迁市,680.339,13.5
武汉市,镇江市,655.855,13.3
武汉市,南京市,541.847,7.4
武汉市,泰州市,715.445,14.4
武汉市,徐州市,617.316,11.9
武汉市,无锡市,772.814,15.5
武汉市,常州市,724.578,14.9
武汉市,苏州市,805.39,16.5
武汉市,海东市,1514.036,19.5
武汉市,果洛藏族自治州,1788.996,24.5
武汉市,海南藏族自治州,1711.905,22
武汉市,玉树藏族自治州,2189.394,32.2
武汉市,海西蒙古族藏族自治州,2057.837,26.4
武汉市,黄南藏族自治州,1603.884,20.6
武汉市,西宁市,1577.118,20.4
武汉市,海北藏族自治州,1676.238,21.6
武汉市,百色市,1330.44,17.5
武汉市,钦州市,1284.736,16.9
武汉市,北海市,1347.643,17.8
武汉市,柳州市,1096.623,22.3
武汉市,南宁市,1216.404,16.2
武汉市,梧州市,1116.818,23.2
武汉市,桂林市,932.944,18.6
武汉市,贺州市,957.833,19.5
武汉市,来宾市,1187.506,24.1
武汉市,贵港市,1150.291,15.2
武汉市,河池市,1088.062,14.3
武汉市,防城港市,1337.976,17.6
武汉市,崇左市,1346.899,17.6
武汉市,玉林市,1202.873,15.8
武汉市,石嘴山市,1424.497,18.6
武汉市,固原市,1137.052,14.8
武汉市,中卫市,1352.636,17.5
武汉市,吴忠市,1290.207,16.9
武汉市,银川市,1356.879,17.7
武汉市,抚州市,531.455,11.2
武汉市,九江市,292.984,6
武汉市,赣州市,763.021,14.6
武汉市,萍乡市,447.404,8.9
武汉市,景德镇市,432.972,8.7
武汉市,宜春市,463.072,9.3
武汉市,新余市,493.96,9.9
武汉市,南昌市,375.431,8
武汉市,吉安市,576.414,11.1
武汉市,鹰潭市,584.033,11.8
武汉市,上饶市,677.04,13.7
武汉市,台州市,1055.314,21.5
武汉市,宁波市,954.668,20.1
武汉市,嘉兴市,844.273,17.1
武汉市,舟山市,965.879,12.9
武汉市,温州市,1068.468,21.9
武汉市,丽水市,986.308,19.2
武汉市,衢州市,777.736,15.2
武汉市,湖州市,775.026,15.4
武汉市,金华市,874.802,17.2
武汉市,绍兴市,836.725,17.3
武汉市,杭州市,787.782,15.9
武汉市,唐山市,1257.531,16.4
武汉市,廊坊市,1206.142,24.4
武汉市,秦皇岛市,1393.553,17.9
武汉市,张家口市,1273.31,16.6
武汉市,石家庄市,992.73,18.7
武汉市,邯郸市,805.359,15.1
武汉市,保定市,1111.221,21.6
武汉市,承德市,1377.448,18.6
武汉市,邢台市,863.389,16.3
武汉市,衡水市,985.083,18.5
武汉市,沧州市,1074.648,20.9
武汉市,嘉峪关市,2079.428,26.6
武汉市,金昌市,1716.393,22.2
武汉市,酒泉市,2061.197,26.4
武汉市,兰州市,1360.074,17.6
武汉市,白银市,1400.899,18.4
武汉市,平凉市,1091.284,21.9
武汉市,陇南市,1152.98,14.9
武汉市,武威市,1624.897,21
武汉市,张掖市,1856.388,23.9
武汉市,临夏回族自治州,1411.665,18.2
武汉市,甘南藏族自治州,1503.268,19.4
武汉市,定西市,1266.507,16.3
武汉市,天水市,1070.808,14.1
武汉市,庆阳市,1047.785,21.2
武汉市,巴中市,905.167,12.1
武汉市,成都市,1158.612,15.3
武汉市,广元市,1007.556,13.2
武汉市,南充市,942.428,12.4
武汉市,德阳市,1159.135,15.2
武汉市,绵阳市,1124.767,14.8
武汉市,遂宁市,980.664,13
武汉市,资阳市,1102.598,14.8
武汉市,广安市,869.468,11.7
武汉市,内江市,1042.696,14.1
武汉市,达州市,1075.938,23.2
武汉市,眉山市,1186.364,15.7
武汉市,自贡市,1094.245,14.7
武汉市,泸州市,1054.252,14.2
武汉市,宜宾市,1160.44,15.8
武汉市,乐山市,1195.056,15.9
武汉市,攀枝花市,1770.651,23.1
武汉市,凉山彝族自治州,1577.275,20.7
武汉市,雅安市,1275.906,16.8
武汉市,阿坝藏族羌族自治州,1464.435,19.6
武汉市,甘孜藏族自治州,1398.474,18.4
武汉市,天津城区,1190.503,24.1
武汉市,昭通市,1369.906,18.1
武汉市,曲靖市,1432.369,18.7
武汉市,西双版纳傣族自治州,2092.535,27.1
武汉市,丽江市,1978.083,25.9
武汉市,保山市,2049.784,26.4
武汉市,迪庆藏族自治州,2133.899,27.8
武汉市,红河哈尼族彝族自治州,1680.482,21.9
武汉市,怒江傈僳族自治州,2099.439,27.1
武汉市,玉溪市,1650.743,21.4
武汉市,大理白族自治州,1884.045,24.4
武汉市,文山壮族苗族自治州,1649.116,21.5
武汉市,普洱市,1971.79,25.5
武汉市,楚雄彝族自治州,1727.822,22.4
武汉市,临沧市,2050.75,26.5
武汉市,德宏傣族景颇族自治州,2187.687,28.2
武汉市,昆明市,1588.525,20.9
武汉市,北京城区,1162.402,15
武汉市,吉林市,2195.387,28.1
武汉市,长春市,2086.819,26.6
武汉市,白城市,2199.54,29.1
武汉市,辽源市,2012.875,25.7
武汉市,松原市,2200.436,28.1
武汉市,白山市,2110.598,27.1
武汉市,通化市,2051.194,26.2
武汉市,四平市,1985.973,25.5
武汉市,延边朝鲜族自治州,2422.803,31.2
武汉市,临汾市,913.515,17.8
武汉市,阳泉市,1026.654,19.5
武汉市,太原市,1056.106,19.9
武汉市,朔州市,1165.027,15.3
武汉市,吕梁市,1109.552,22.4
武汉市,大同市,1242.87,16.4
武汉市,晋中市,1020.649,19.1
武汉市,晋城市,716.216,13.8
武汉市,长治市,810.118,15.9
武汉市,忻州市,1260.802,24.1
武汉市,运城市,821.137,15.7
厦门市,洛阳市,1515.651,19.8
厦门市,三门峡市,1633.355,21.4
厦门市,漯河市,1316.827,17.3
厦门市,许昌市,1368.922,17.9
厦门市,南阳市,1323.413,18
厦门市,信阳市,1155.459,15.3
厦门市,济源市,1570.973,20.4
厦门市,濮阳市,1534.436,19.9
厦门市,驻马店市,1250.942,16.4
厦门市,鹤壁市,1549.619,20.3
厦门市,焦作市,1538.543,20.2
厦门市,郑州市,1465.496,19.2
厦门市,安阳市,1592.307,21
厦门市,周口市,1279.214,16.8
厦门市,开封市,1417.849,18.4
厦门市,新乡市,1494.847,19.8
厦门市,商丘市,1343.377,17.4
厦门市,平顶山市,1411.89,18.5
厦门市,汕头市,247.592,5
厦门市,佛山市,722.98,14.8
厦门市,肇庆市,819.024,15.4
厦门市,惠州市,557.005,10.8
厦门市,深圳市,607.934,12.6
厦门市,珠海市,819.027,16.1
厦门市,湛江市,1129.554,22.8
厦门市,江门市,776.253,15.1
厦门市,潮州市,239.68,4.9
厦门市,汕尾市,434.288,8.6
厦门市,茂名市,1065.896,21
厦门市,阳江市,926.395,18.8
厦门市,揭阳市,262.878,3.9
厦门市,云浮市,879.753,16.8
厦门市,河源市,491.674,9.2
厦门市,梅州市,282.202,5.3
厦门市,韶关市,658.534,11.8
厦门市,广州市,696.647,13.6
厦门市,清远市,715.909,13.2
厦门市,中山市,774.92,15.3
厦门市,东莞市,642.41,12.4
厦门市,乌海市,2472.267,31.8
厦门市,包头市,2449.633,31.6
厦门市,巴彦淖尔市,2612.554,33.5
厦门市,呼伦贝尔市,3505.232,45.9
厦门市,阿拉善盟,2391.814,31.1
厦门市,通辽市,2761.373,35.5
厦门市,兴安盟,3002.956,39.7
厦门市,锡林郭勒盟,2602.371,33.1
厦门市,呼和浩特市,2302.352,30.4
厦门市,赤峰市,2418.396,31.1
厦门市,乌兰察布市,2304.643,29.5
厦门市,鄂尔多斯市,2338.687,30.5
厦门市,大兴安岭地区,3699.036,47.4
厦门市,七台河市,3602.741,45.8
厦门市,鹤岗市,3610.699,46
厦门市,伊春市,3524.368,44.7
厦门市,哈尔滨市,3212.455,40.9
厦门市,绥化市,3315.344,42.2
厦门市,齐齐哈尔市,3281.944,42.2
厦门市,佳木斯市,3548.881,45.1
厦门市,大庆市,3230.312,40.9
厦门市,鸡西市,3560.088,45.2
厦门市,双鸭山市,3623.201,46
厦门市,黑河市,3705.499,47.6
厦门市,牡丹江市,3392.209,43
厦门市,铁门关市,4436.563,57.2
厦门市,塔城地区,4769.038,61.3
厦门市,北屯市,4513.953,58.3
厦门市,昆玉市,4946.686,63.6
厦门市,双河市,4681.972,59.8
厦门市,可克达拉市,4874.159,62.4
厦门市,和田地区,4884.335,63.1
厦门市,博尔塔拉蒙古自治州,4709.054,60.1
厦门市,乌鲁木齐市,4233.355,54.1
厦门市,昌吉回族自治州,4255.561,54.5
厦门市,阿勒泰地区,4561.29,59
厦门市,巴音郭楞蒙古自治州,4393.97,56.7
厦门市,五家渠市,4256.987,55
厦门市,阿克苏地区,4933.413,63.8
厦门市,石河子市,4356.553,55.7
厦门市,伊犁哈萨克自治州,4803.583,63.5
厦门市,阿拉尔市,4914.943,63.9
厦门市,喀什地区,5399.469,69.7
厦门市,克孜勒苏柯尔克孜自治州,5349.774,68.8
厦门市,吐鲁番市,4032.301,51.6
厦门市,图木舒克市,5155.477,66.5
厦门市,哈密市,3641.873,46.5
厦门市,克拉玛依市,4528.983,58
厦门市,胡杨河市,4492.495,57.6
厦门市,黄冈市,1093.655,21.1
厦门市,十堰市,1400.81,18.1
厦门市,武汉市,1165.367,22.4
厦门市,襄阳市,1272.66,16.5
厦门市,宜昌市,1237.291,16.3
厦门市,天门市,1088.118,14.3
厦门市,仙桃市,1239.706,23.7
厦门市,孝感市,1213.628,23.7
厦门市,神农架林区,1407.421,18.2
厦门市,潜江市,1247.868,23.9
厦门市,恩施土家族苗族自治州,1416.936,18.2
厦门市,随州市,1129.813,14.7
厦门市,荆门市,1204.699,15.8
厦门市,荆州市,1126.522,14.6
厦门市,咸宁市,1066.035,20.1
厦门市,黄石市,1058.482,20.1
厦门市,鄂州市,1081.827,20.7
厦门市,葫芦岛市,2400.949,30.5
厦门市,沈阳市,2665.714,33.9
厦门市,盘锦市,2574.469,32.9
厦门市,抚顺市,2714.589,34.5
厦门市,大连市,2080.266,30.1
厦门市,阜新市,2580.837,32.9
厦门市,丹东市,2382.094,33.9
厦门市,锦州市,2446.149,31.1
厦门市,营口市,2295.131,32.9
厦门市,铁岭市,2715.964,34.5
厦门市,本溪市,2691.711,34.4
厦门市,朝阳市,2497.301,32
厦门市,辽阳市,2646.439,33.7
厦门市,鞍山市,2642.201,33.8
厦门市,烟台市,1841.948,24.7
厦门市,青岛市,1434.722,19.4
厦门市,临沂市,1465.259,19.2
厦门市,淄博市,1668.193,22.1
厦门市,聊城市,1589.067,20.5
厦门市,威海市,1898.722,25.4
厦门市,东营市,1756.76,22.6
厦门市,潍坊市,1658.997,22.4
厦门市,日照市,1525.394,20.5
厦门市,滨州市,1727.931,22.7
厦门市,枣庄市,1417.568,18.4
厦门市,德州市,1711.843,22.3
厦门市,菏泽市,1439.837,18.8
厦门市,济南市,1645.091,21.2
厦门市,泰安市,1576.204,20.3
厦门市,济宁市,1486.753,19.4
厦门市,汉中市,1803.316,23.4
厦门市,铜川市,1762.685,22.6
厦门市,榆林市,2175.426,28.2
厦门市,商洛市,1616.323,20.8
厦门市,延安市,1999.794,25.7
厦门市,安康市,1588.486,20.5
厦门市,西安市,1701.514,22.1
厦门市,咸阳市,1723.587,22.5
厦门市,宝鸡市,1863.729,23.9
厦门市,渭南市,1714.593,22.4
厦门市,上海城区,1158.69,25.6
厦门市,遵义市,1430.812,18.4
厦门市,铜仁市,1212.33,15.8
厦门市,黔南布依族苗族自治州,1342.876,17.3
厦门市,六盘水市,1664.628,21.6
厦门市,黔西南布依族苗族自治州,1674.953,21.5
厦门市,安顺市,1530.825,19.7
厦门市,黔东南苗族侗族自治州,1339.881,17.2
厦门市,毕节市,1629.659,20.8
厦门市,贵阳市,1449.99,18.9
厦门市,重庆郊县,1704.92,21.8
厦门市,重庆城区,1676.55,21.8
厦门市,昌都市,2960.207,42.8
厦门市,阿里地区,5095.237,74.2
厦门市,拉萨市,3852.696,58.9
厦门市,日喀则市,4118.637,62.8
厦门市,林芝市,3458.473,53.7
厦门市,山南市,3866.271,59.5
厦门市,那曲市,3665.295,55.2
厦门市,阜阳市,1169.667,15.4
厦门市,马鞍山市,1212.606,23.5
厦门市,淮北市,1288.111,16.7
厦门市,铜陵市,1076.298,20.7
厦门市,安庆市,994.272,19.1
厦门市,黄山市,975.514,18.8
厦门市,池州市,1030.137,19.8
厦门市,蚌埠市,1157.68,15.1
厦门市,滁州市,1104.505,14.3
厦门市,宣城市,1148.293,21.9
厦门市,宿州市,1245.952,16.1
厦门市,淮南市,1112.92,14.4
厦门市,芜湖市,1176.09,22.5
厦门市,亳州市,1275.855,16.7
厦门市,合肥市,1158.517,22.7
厦门市,六安市,1168.026,22.8
厦门市,莆田市,172.933,4
厦门市,福州市,295.216,6.4
厦门市,漳州市,56.215,1.3
厦门市,宁德市,426.534,8.9
厦门市,泉州市,91.449,2.2
厦门市,南平市,416.87,7.9
厦门市,龙岩市,188.633,4
厦门市,三明市,328.241,6.4
厦门市,怀化市,1118.867,14.6
厦门市,衡阳市,930.804,17.6
厦门市,岳阳市,1092.452,20.7
厦门市,湘西土家族苗族自治州,1205.103,15.7
厦门市,长沙市,974.455,18.1
厦门市,张家界市,1153.674,14.9
厦门市,常德市,1145.124,21.9
厦门市,湘潭市,927.948,17.1
厦门市,株洲市,906.211,16.8
厦门市,邵阳市,1063.904,20.4
厦门市,郴州市,847.792,15.3
厦门市,永州市,1064.529,19.4
厦门市,益阳市,1047.933,19.7
厦门市,娄底市,1031.941,19.5
厦门市,琼海市,1295.824,17.5
厦门市,屯昌县,1278.668,17.3
厦门市,昌江黎族自治县,1354.353,18.2
厦门市,临高县,1249.022,16.9
厦门市,万宁市,1349.447,18.2
厦门市,东方市,1392.555,18.8
厦门市,定安县,1242.134,16.8
厦门市,白沙黎族自治县,1336.412,18.4
厦门市,琼中黎族苗族自治县,1323.198,17.8
厦门市,乐东黎族自治县,1410.051,18.8
厦门市,澄迈县,1221.143,16.8
厦门市,文昌市,1289.982,17.4
厦门市,儋州市,1291.59,17.6
厦门市,三沙市,1831.353,88.2
厦门市,陵水黎族自治县,1402.006,18.9
厦门市,三亚市,1469.386,20.1
厦门市,海口市,1183.548,16
厦门市,五指山市,1396.206,18.7
厦门市,保亭黎族苗族自治县,1429.202,19.1
厦门市,南通市,1079.461,14.1
厦门市,连云港市,1395.109,18.4
厦门市,淮安市,1260.834,16.5
厦门市,扬州市,1119.13,14.6
厦门市,盐城市,1253.527,16.3
厦门市,宿迁市,1313.978,17.4
厦门市,镇江市,1095.432,14.2
厦门市,南京市,1065.551,14.1
厦门市,泰州市,1168.391,15.1
厦门市,徐州市,1337.055,17.3
厦门市,无锡市,1187.84,24.6
厦门市,常州市,1188.395,24.7
厦门市,苏州市,1113.169,24.1
厦门市,海东市,2473.793,31.6
厦门市,果洛藏族自治州,2702.169,36.1
厦门市,海南藏族自治州,2671.662,34.2
厦门市,玉树藏族自治州,2911.126,40.8
厦门市,海西蒙古族藏族自治州,3017.594,38.6
厦门市,黄南藏族自治州,2563.641,32.7
厦门市,西宁市,2536.875,32.5
厦门市,海北藏族自治州,2635.995,33.8
厦门市,百色市,1420.381,18.4
厦门市,钦州市,1201.988,15.6
厦门市,北海市,1159.66,15.3
厦门市,柳州市,1256.217,24
厦门市,南宁市,1187.422,15.5
厦门市,梧州市,996.512,18.9
厦门市,桂林市,1177.04,22.1
厦门市,贺州市,962.097,18
厦门市,来宾市,1283.053,24.6
厦门市,贵港市,1203.012,22.9
厦门市,河池市,1233.578,15.9
厦门市,防城港市,1250.777,16.1
厦门市,崇左市,1317.917,16.9
厦门市,玉林市,1132.963,21.3
厦门市,石嘴山市,2384.254,30.7
厦门市,固原市,2096.809,26.9
厦门市,中卫市,2312.393,29.7
厦门市,吴忠市,2249.964,29.1
厦门市,银川市,2316.636,29.8
厦门市,抚州市,659.473,12.2
厦门市,九江市,939.531,17.9
厦门市,赣州市,523.546,9.6
厦门市,萍乡市,833.492,15.3
厦门市,景德镇市,833.404,15.9
厦门市,宜春市,781.163,14.3
厦门市,新余市,740.899,14.1
厦门市,南昌市,796.693,15.2
厦门市,吉安市,664.362,12.2
厦门市,鹰潭市,698.107,13.3
厦门市,上饶市,699.782,13.8
厦门市,台州市,810.015,17.7
厦门市,宁波市,975.364,21.6
厦门市,嘉兴市,1059.459,23.1
厦门市,舟山市,905.373,12.1
厦门市,温州市,699.658,15.2
厦门市,丽水市,727.696,15.1
厦门市,衢州市,823.664,16.7
厦门市,湖州市,1069.352,22
厦门市,金华市,857.435,17.1
厦门市,绍兴市,962.642,19.9
厦门市,杭州市,997.651,20.5
厦门市,唐山市,2117.026,27.1
厦门市,廊坊市,1990.965,25.5
厦门市,秦皇岛市,2253.048,28.7
厦门市,张家口市,2186.241,28
厦门市,石家庄市,1827.136,23.7
厦门市,邯郸市,1666.934,21.6
厦门市,保定市,1898.029,24.6
厦门市,承德市,2236.943,28.8
厦门市,邢台市,1705.738,22.4
厦门市,衡水市,1753.652,22.7
厦门市,沧州市,1829.764,24.7
厦门市,嘉峪关市,3039.185,38.8
厦门市,金昌市,2676.15,34.3
厦门市,酒泉市,3020.954,38.6
厦门市,兰州市,2319.831,29.7
厦门市,白银市,2360.656,30.5
厦门市,平凉市,2006.055,25.9
厦门市,陇南市,2112.737,27
厦门市,武威市,2584.654,33.1
厦门市,张掖市,2816.145,36
厦门市,临夏回族自治州,2371.422,30.3
厦门市,甘南藏族自治州,2463.025,31.4
厦门市,定西市,2226.264,28.5
厦门市,天水市,2030.565,26.2
厦门市,庆阳市,1951.152,25.1
厦门市,巴中市,1824.155,23.5
厦门市,成都市,1960.705,25
厦门市,广元市,1965.411,25.2
厦门市,南充市,1785.384,22.8
厦门市,德阳市,1971.658,25.4
厦门市,绵阳市,1967.723,25.2
厦门市,遂宁市,1817.007,23.2
厦门市,资阳市,1877.252,24
厦门市,广安市,1705.811,21.8
厦门市,内江市,1795.559,23.2
厦门市,达州市,2017.037,42.6
厦门市,眉山市,1925.356,24.8
厦门市,自贡市,1789.992,23
厦门市,泸州市,1715.467,22.2
厦门市,宜宾市,1810.717,23.8
厦门市,乐山市,1890.803,24.2
厦门市,攀枝花市,2189.08,27.9
厦门市,凉山彝族自治州,2121.513,29
厦门市,雅安市,2005.656,25.6
厦门市,阿坝藏族羌族自治州,2266.422,29.6
厦门市,甘孜藏族自治州,2120.206,27.1
厦门市,天津城区,2126.287,42.9
厦门市,昭通市,1822.707,23.5
厦门市,曲靖市,2094.655,43.3
厦门市,西双版纳傣族自治州,2358.102,30.1
厦门市,丽江市,2376.251,30.4
厦门市,保山市,2413.644,30.7
厦门市,迪庆藏族自治州,2535.715,32.3
厦门市,红河哈尼族彝族自治州,2180.01,44.8
厦门市,怒江傈僳族自治州,2463.299,31.4
厦门市,玉溪市,2001.883,25.4
厦门市,大理白族自治州,2247.905,28.7
厦门市,文山壮族苗族自治州,2039.063,41.7
厦门市,普洱市,2237.357,28.5
厦门市,楚雄彝族自治州,2091.682,26.8
厦门市,临沧市,2316.317,29.6
厦门市,德宏傣族景颇族自治州,2551.547,32.5
厦门市,昆明市,1941.01,25
厦门市,北京城区,2021.897,25.7
厦门市,吉林市,3054.882,39
厦门市,长春市,2946.314,37.4
厦门市,白城市,3059.035,39.3
厦门市,辽源市,2872.37,36.5
厦门市,松原市,3059.931,39
厦门市,白山市,2970.093,37.9
厦门市,通化市,2910.689,37
厦门市,四平市,2845.468,36.3
厦门市,延边朝鲜族自治州,3282.298,42
厦门市,临汾市,2060.212,41
厦门市,阳泉市,2143.998,41.2
厦门市,太原市,2173.45,42
厦门市,朔州市,2109.339,27.3
厦门市,吕梁市,1970.776,25.5
厦门市,大同市,2187.182,28.3
厦门市,晋中市,2137.993,40.9
厦门市,晋城市,1842.912,36.2
厦门市,长治市,1936.814,38
厦门市,忻州市,1967.692,25.4
厦门市,运城市,1967.834,38.9
成都市,洛阳市,1436.535,29.9
成都市,三门峡市,1317.391,27.8
成都市,漯河市,1564.54,32.8
成都市,许昌市,1572.675,33.2
成都市,南阳市,1393.542,29.1
成都市,信阳市,1497.579,31
成都市,济源市,1487.957,30.6
成都市,濮阳市,1400.493,18.6
成都市,驻马店市,1552.231,32.2
成都市,鹤壁市,1336.975,17.7
成都市,焦作市,1543.172,32.1
成都市,郑州市,1565.208,32.6
成都市,安阳市,1379.663,18.3
成都市,周口市,1275.157,16.9
成都市,开封市,1635.886,33.8
成都市,新乡市,1617.036,33.5
成都市,商丘市,1402.472,18.4
成都市,平顶山市,1518.015,31.9
成都市,汕头市,1917.104,24.5
成都市,佛山市,1555.023,20.4
成都市,肇庆市,1524.209,20.1
成都市,惠州市,1679.018,21.7
成都市,深圳市,1685.122,22.1
成都市,珠海市,1670.196,21.6
成都市,湛江市,1513.073,19.5
成都市,江门市,1589.296,20.6
成都市,潮州市,1908.259,24.5
成都市,汕尾市,1802.264,23.4
成都市,茂名市,1559.387,20.9
成都市,阳江市,1630.258,21.2
成都市,揭阳市,1879.832,24.3
成都市,云浮市,1505.532,19.5
成都市,河源市,1701.952,21.8
成都市,梅州市,1829.529,23.4
成都市,韶关市,1493.849,19.1
成都市,广州市,1556.445,20.5
成都市,清远市,1514.679,19.6
成都市,中山市,1621.361,21.4
成都市,东莞市,1608.907,21.1
成都市,乌海市,1610.761,28.6
成都市,包头市,1555.246,20.4
成都市,巴彦淖尔市,1788.019,30.5
成都市,呼伦贝尔市,3111.452,41.4
成都市,阿拉善盟,1443.343,25.4
成都市,通辽市,2548.437,33.6
成都市,兴安盟,2822.595,37.1
成都市,锡林郭勒盟,2208.591,28.6
成都市,呼和浩特市,1697.551,22.2
成都市,赤峰市,2205.46,29.2
成都市,乌兰察布市,1740.393,22.8
成都市,鄂尔多斯市,1857.918,32.4
成都市,大兴安岭地区,3486.1,45.4
成都市,七台河市,3411.555,43.8
成都市,鹤岗市,3419.513,44
成都市,伊春市,3333.182,42.8
成都市,哈尔滨市,3021.269,38.9
成都市,绥化市,3124.158,40.3
成都市,齐齐哈尔市,3069.008,40.3
成都市,佳木斯市,3357.695,43.2
成都市,大庆市,3039.126,39
成都市,鸡西市,3368.902,43.3
成都市,双鸭山市,3432.015,44.1
成都市,黑河市,3514.313,45.7
成都市,牡丹江市,3201.023,41.1
成都市,铁门关市,2566.559,35.6
成都市,塔城地区,3344.72,43.7
成都市,北屯市,3066.707,40.7
成都市,昆玉市,3063.598,41.2
成都市,双河市,3234.726,42.1
成都市,可克达拉市,3174.231,45
成都市,和田地区,3001.247,40.8
成都市,博尔塔拉蒙古自治州,3261.808,42.5
成都市,乌鲁木齐市,2786.109,36.5
成都市,昌吉回族自治州,2808.315,36.8
成都市,阿勒泰地区,3114.044,41.3
成都市,巴音郭楞蒙古自治州,2525.924,35.1
成都市,五家渠市,2809.741,37.3
成都市,阿克苏地区,3065.584,42.1
成都市,石河子市,2909.307,38.1
成都市,伊犁哈萨克自治州,3144.889,44.9
成都市,阿拉尔市,2960.008,40.2
成都市,喀什地区,3493.252,47.1
成都市,克孜勒苏柯尔克孜自治州,3481.945,47.1
成都市,吐鲁番市,2585.055,33.9
成都市,图木舒克市,3189.447,43.4
成都市,哈密市,2194.627,28.8
成都市,克拉玛依市,3081.737,40.4
成都市,胡杨河市,3045.249,40
成都市,黄冈市,1491.745,31.9
成都市,十堰市,1158.183,24.5
成都市,武汉市,1410.04,29.8
成都市,襄阳市,1309.292,27.1
成都市,宜昌市,1101.253,23.2
成都市,天门市,1301.944,27
成都市,仙桃市,1313.185,27.4
成都市,孝感市,1399.341,29.4
成都市,神农架林区,961.155,12.7
成都市,潜江市,1258.019,26.2
成都市,恩施土家族苗族自治州,780.28,16.4
成都市,随州市,1375.589,28.4
成都市,荆门市,1182.974,24.7
成都市,荆州市,1181.465,24.6
成都市,咸宁市,1477.2,30.9
成都市,黄石市,1509.657,32.1
成都市,鄂州市,1478.825,31.5
成都市,葫芦岛市,2209.763,28.6
成都市,沈阳市,2474.528,32
成都市,盘锦市,2383.283,30.9
成都市,抚顺市,2523.403,32.6
成都市,大连市,2338.021,32.7
成都市,阜新市,2389.651,31
成都市,丹东市,2618.584,33.8
成都市,锦州市,2254.963,29.2
成都市,营口市,2398.63,31.2
成都市,铁岭市,2524.778,32.6
成都市,本溪市,2500.525,32.4
成都市,朝阳市,2284.365,30.1
成都市,辽阳市,2455.253,31.8
成都市,鞍山市,2451.015,31.8
成都市,烟台市,2084.588,27.1
成都市,青岛市,1617.301,21.7
成都市,临沂市,1703.366,22.8
成都市,淄博市,1736.491,23.1
成都市,聊城市,1532.727,20.2
成都市,威海市,2145.692,28
成都市,东营市,1835.484,24.1
成都市,潍坊市,1838.026,24
成都市,日照市,1790.181,23.6
成都市,滨州市,1757.327,23.2
成都市,枣庄市,1604.337,21.1
成都市,德州市,1621.362,22.4
成都市,菏泽市,1397.895,18.6
成都市,济南市,1653.13,21.9
成都市,泰安市,1630.521,21.4
成都市,济宁市,1510.164,20
成都市,汉中市,637.908,13.1
成都市,铜川市,1132.851,23.9
成都市,榆林市,1776.173,31.1
成都市,商洛市,1171.848,23.9
成都市,延安市,1400.141,29.4
成都市,安康市,621.03,8.4
成都市,西安市,1070.954,22.8
成都市,咸阳市,1043.341,22.1
成都市,宝鸡市,966.708,20.3
成都市,渭南市,1125.122,23.7
成都市,上海城区,1932.005,25.3
成都市,遵义市,525.327,7
成都市,铜仁市,948.034,19.9
成都市,黔南布依族苗族自治州,952.771,20.6
成都市,六盘水市,728.331,15.4
成都市,黔西南布依族苗族自治州,965.974,20.8
成都市,安顺市,818.678,18.2
成都市,黔东南苗族侗族自治州,921.722,19.6
成都市,毕节市,630.263,13.5
成都市,贵阳市,777.758,16.6
成都市,重庆郊县,735.655,14.5
成都市,重庆城区,347.173,7.2
成都市,昌都市,1166.719,22.2
成都市,阿里地区,3234.626,51.3
成都市,拉萨市,1992.085,35.4
成都市,日喀则市,2258.026,39.4
成都市,林芝市,1661.203,34.6
成都市,山南市,2005.66,36.3
成都市,那曲市,1804.684,32
成都市,阜阳市,1378.954,18.1
成都市,马鞍山市,1619.378,21
成都市,淮北市,1496.096,20
成都市,铜陵市,1539.669,20.2
成都市,安庆市,1459.955,18.9
成都市,黄山市,1638.484,21.3
成都市,池州市,1524.515,19.9
成都市,蚌埠市,1547.66,20.2
成都市,滁州市,1628.419,21.1
成都市,宣城市,1645.817,21.7
成都市,宿州市,1515.15,19.8
成都市,淮南市,1497.925,19.4
成都市,芜湖市,1597.202,20.9
成都市,亳州市,1395.409,18.2
成都市,合肥市,1514.129,19.6
成都市,六安市,1434.87,18.6
成都市,莆田市,1972.27,25.2
成都市,福州市,1985.29,25.4
成都市,漳州市,1906.915,24.4
成都市,宁德市,2019.354,26.1
成都市,泉州市,1959.132,25
成都市,厦门市,1956.043,24.9
成都市,南平市,1838.61,23.5
成都市,龙岩市,1801.655,23.1
成都市,三明市,1785.581,22.9
成都市,怀化市,1105.83,23.8
成都市,衡阳市,1467.11,32.2
成都市,岳阳市,1363.536,28.8
成都市,湘西土家族苗族自治州,1019.66,22.1
成都市,长沙市,1364.496,30.5
成都市,张家界市,1012.756,22.5
成都市,常德市,1178.764,26.4
成都市,湘潭市,1397.216,31.1
成都市,株洲市,1420.32,31.5
成都市,邵阳市,1339.144,29.4
成都市,郴州市,1346.23,17.3
成都市,永州市,1441.108,32.2
成都市,益阳市,1275.99,29.7
成都市,娄底市,1390.93,32.5
成都市,琼海市,2068.176,47.2
成都市,屯昌县,2043.814,46.6
成都市,昌江黎族自治县,2142.487,48.4
成都市,临高县,2033.514,46.4
成都市,万宁市,1829.163,24.3
成都市,东方市,1872.271,24.9
成都市,定安县,2011.945,46.1
成都市,白沙黎族自治县,1816.128,24.6
成都市,琼中黎族苗族自治县,2093.343,47.8
成都市,乐东黎族自治县,1889.767,25
成都市,澄迈县,1995.289,45.5
成都市,文昌市,2061.061,47.8
成都市,儋州市,2069.707,46.9
成都市,三沙市,2311.069,94
成都市,陵水黎族自治县,1881.722,24.9
成都市,三亚市,1949.102,25.9
成都市,海口市,1957.694,44.7
成都市,五指山市,1875.922,24.9
成都市,保亭黎族苗族自治县,1908.918,25.3
成都市,南通市,1895.656,24.5
成都市,连云港市,2140.229,46.4
成都市,淮安市,2094.105,45.2
成都市,扬州市,2072.948,45.4
成都市,盐城市,1859.263,24
成都市,宿迁市,1993.516,43.9
成都市,镇江市,2073.234,45.6
成都市,南京市,1672.908,22.2
成都市,泰州市,2132.824,46.5
成都市,徐州市,1930.493,41.6
成都市,无锡市,1811.139,23.3
成都市,常州市,2141.957,47.2
成都市,苏州市,1840.434,23.9
成都市,海东市,1054.248,20.9
成都市,果洛藏族自治州,1018.553,19.3
成都市,海南藏族自治州,1169.143,22.4
成都市,玉树藏族自治州,1068.799,21.1
成都市,海西蒙古族藏族自治州,1448.033,26.6
成都市,黄南藏族自治州,907.276,18.4
成都市,西宁市,1059.762,21.3
成都市,海北藏族自治州,1205.546,23
成都市,百色市,1243.176,28.6
成都市,钦州市,1607.187,37.5
成都市,北海市,1702.077,39.5
成都市,柳州市,1426.242,32.4
成都市,南宁市,1493.095,34.4
成都市,梧州市,1688.069,38
成都市,桂林市,1357.513,30.9
成都市,贺州市,1582.306,36
成都市,来宾市,1432.106,32.5
成都市,贵港市,1511.51,35.1
成都市,河池市,1228.763,28.4
成都市,防城港市,1653.075,39
成都市,崇左市,1510.063,34.4
成都市,玉林市,1608.81,37.8
成都市,石嘴山市,1506.562,28.9
成都市,固原市,1016.757,22.4
成都市,中卫市,1272.521,25.2
成都市,吴忠市,1395.759,27.8
成都市,银川市,1447.337,28.1
成都市,抚州市,1828.886,41.6
成都市,九江市,1680.886,38
成都市,赣州市,1846.421,41.9
成都市,萍乡市,1506.772,34.9
成都市,景德镇市,1993.94,43.5
成都市,宜春市,1570.956,36.4
成都市,新余市,1639.833,38
成都市,南昌市,1733.728,39
成都市,吉安市,1680.403,38.2
成都市,鹰潭市,1956.532,42.9
成都市,上饶市,2049.539,45.2
成都市,台州市,1990.11,25.8
成都市,宁波市,2004.586,25.9
成都市,嘉兴市,1894.671,24.8
成都市,舟山市,2090.739,27.2
成都市,温州市,1970.831,25.7
成都市,丽水市,1872.242,24.2
成都市,衢州市,2150.235,46.8
成都市,湖州市,1821.411,23.4
成都市,金华市,1778.162,23.2
成都市,绍兴市,1904.056,24.9
成都市,杭州市,1850.542,24.3
成都市,唐山市,1936.565,25.3
成都市,廊坊市,1796.898,23.6
成都市,秦皇岛市,2070.005,26.8
成都市,张家口市,2415.244,44.6
成都市,石家庄市,1959.816,42.3
成都市,邯郸市,1803.87,39.5
成都市,保定市,2107.099,44.9
成都市,承德市,2024.007,26.8
成都市,邢台市,1848.511,39.8
成都市,衡水市,1995.012,43
成都市,沧州市,2125.415,46.1
成都市,嘉峪关市,1744.165,32
成都市,金昌市,1314.094,26.4
成都市,酒泉市,1729.324,31.8
成都市,兰州市,1003.159,20.4
成都市,白银市,1087.06,22.4
成都市,平凉市,982.434,20.3
成都市,陇南市,546.531,12.3
成都市,武威市,1219.678,22.4
成都市,张掖市,1411.421,25.4
成都市,临夏回族自治州,897.5,16
成都市,甘南藏族自治州,794.454,14.2
成都市,定西市,1068.815,19.1
成都市,天水市,762.308,16.4
成都市,庆阳市,1100.096,22.8
成都市,巴中市,425.561,8.3
成都市,广元市,415.869,8.6
成都市,南充市,299.154,6.4
成都市,德阳市,79.399,2.3
成都市,绵阳市,159.996,3.5
成都市,遂宁市,206.611,4.4
成都市,资阳市,94.167,2.2
成都市,广安市,295.598,4.2
成都市,内江市,240.184,5.2
成都市,达州市,507.978,10.6
成都市,眉山市,76.553,1.9
成都市,自贡市,230.265,4.8
成都市,泸州市,338.458,7
成都市,宜宾市,342.526,7.2
成都市,乐山市,160.142,3.4
成都市,攀枝花市,739.424,17.5
成都市,凉山彝族自治州,518.489,12
成都市,雅安市,143.366,3.2
成都市,阿坝藏族羌族自治州,362.349,7.6
成都市,甘孜藏族自治州,322.936,7
成都市,天津城区,1828.622,23.9
成都市,昭通市,503.574,10.2
成都市,曲靖市,847.725,17.3
成都市,西双版纳傣族自治州,1333.092,17.4
成都市,丽江市,839.204,11
成都市,保山市,1222.762,27.9
成都市,迪庆藏族自治州,1003.608,19.8
成都市,红河哈尼族彝族自治州,1070.904,22.1
成都市,怒江傈僳族自治州,1428.988,28
成都市,玉溪市,949.727,20.1
成都市,大理白族自治州,1030.124,23.5
成都市,文山壮族苗族自治州,1165.123,24.2
成都市,普洱市,1420.995,30.3
成都市,楚雄彝族自治州,1062.976,22.7
成都市,临沧市,1309.46,28.9
成都市,德宏傣族景颇族自治州,1190.937,15.4
成都市,昆明市,877.659,18.3
成都市,北京城区,1822.532,23.7
成都市,吉林市,2863.696,37
成都市,长春市,2755.128,35.4
成都市,白城市,2846.099,37.4
成都市,辽源市,2681.184,34.5
成都市,松原市,2868.745,37
成都市,白山市,2778.907,35.9
成都市,通化市,2719.503,35
成都市,四平市,2654.282,34.4
成都市,延边朝鲜族自治州,3091.112,40
成都市,临汾市,1458.144,30.8
成都市,阳泉市,1424.356,18.9
成都市,太原市,1334.21,17.7
成都市,朔州市,1551.378,20.4
成都市,吕梁市,1249.578,16.7
成都市,大同市,1634.896,21.6
成都市,晋中市,1329.902,17.5
成都市,晋城市,1552.033,32.2
成都市,长治市,1264.984,17.1
成都市,忻州市,1415.406,18.7
成都市,运城市,1343.68,28
襄阳市,洛阳市,419.421,8.3
襄阳市,三门峡市,477.958,9.3
襄阳市,漯河市,304.678,6.2
襄阳市,许昌市,312.813,6.6
襄阳市,南阳市,135.655,3.1
襄阳市,信阳市,263.525,5.3
襄阳市,济源市,445.228,9.6
襄阳市,濮阳市,576.786,11.6
襄阳市,驻马店市,284.06,5.7
襄阳市,鹤壁市,526.935,10.5
襄阳市,焦作市,473.274,9.6
襄阳市,郑州市,393.279,8
襄阳市,安阳市,570.421,11.4
襄阳市,周口市,375.182,7.7
襄阳市,开封市,414.526,8.4
襄阳市,新乡市,462.873,9.3
襄阳市,商丘市,508.403,10.3
襄阳市,平顶山市,264.652,5.8
襄阳市,汕头市,1368.83,17.6
襄阳市,佛山市,1184.361,15.6
襄阳市,肇庆市,1169.306,15.2
襄阳市,惠州市,1196.161,15.4
襄阳市,深圳市,1269.429,16.5
襄阳市,珠海市,1286.314,16.8
襄阳市,湛江市,1418.575,18.7
襄阳市,江门市,1234.393,15.9
襄阳市,潮州市,1348.067,17.4
襄阳市,汕尾市,1312.646,16.9
襄阳市,茂名市,1343.488,18.1
襄阳市,阳江市,1335.063,17.2
襄阳市,揭阳市,1324.832,17.2
襄阳市,云浮市,1198.183,15.4
襄阳市,河源市,1169.706,15
襄阳市,梅州市,1229.989,15.8
襄阳市,韶关市,961.367,12.4
襄阳市,广州市,1166.17,15.1
襄阳市,清远市,1092.78,14.1
襄阳市,中山市,1253.71,16.2
襄阳市,东莞市,1208.332,15.6
襄阳市,乌海市,1242.532,16.2
襄阳市,包头市,1225.109,16
襄阳市,巴彦淖尔市,1382.819,17.8
襄阳市,呼伦贝尔市,2477.421,32.8
襄阳市,阿拉善盟,1162.079,15.3
襄阳市,通辽市,1807.948,23.5
襄阳市,兴安盟,2049.531,27.8
襄阳市,锡林郭勒盟,1574.56,20.1
襄阳市,呼和浩特市,1172.151,15.9
襄阳市,赤峰市,1464.971,19.1
襄阳市,乌兰察布市,1162.478,15
襄阳市,鄂尔多斯市,1114.163,14.9
襄阳市,大兴安岭地区,2745.611,35.3
襄阳市,七台河市,2649.316,33.6
襄阳市,鹤岗市,2657.274,33.8
襄阳市,伊春市,2570.943,32.5
襄阳市,哈尔滨市,2259.03,28.6
襄阳市,绥化市,2361.919,30
襄阳市,齐齐哈尔市,2328.519,30.1
襄阳市,佳木斯市,2595.456,33
襄阳市,大庆市,2276.887,28.8
襄阳市,鸡西市,2606.663,33
襄阳市,双鸭山市,2669.776,33.9
襄阳市,黑河市,2752.074,35.5
襄阳市,牡丹江市,2438.784,30.9
襄阳市,铁门关市,3206.828,41.5
襄阳市,塔城地区,3562.231,45.6
襄阳市,北屯市,3284.218,42.6
襄阳市,昆玉市,3716.951,47.9
襄阳市,双河市,3452.237,44
襄阳市,可克达拉市,3644.424,46.6
襄阳市,和田地区,3654.6,47.5
襄阳市,博尔塔拉蒙古自治州,3479.319,44.4
襄阳市,乌鲁木齐市,3003.62,38.4
襄阳市,昌吉回族自治州,3025.826,38.8
襄阳市,阿勒泰地区,3331.555,43.3
襄阳市,巴音郭楞蒙古自治州,3164.235,41
襄阳市,五家渠市,3027.252,39.4
襄阳市,阿克苏地区,3703.678,48.1
襄阳市,石河子市,3126.818,40
襄阳市,伊犁哈萨克自治州,3573.848,47.7
襄阳市,阿拉尔市,3685.208,48.2
襄阳市,喀什地区,4169.734,53.9
襄阳市,克孜勒苏柯尔克孜自治州,4120.039,53.1
襄阳市,吐鲁番市,2802.566,35.8
襄阳市,图木舒克市,3925.742,50.7
襄阳市,哈密市,2412.138,30.8
襄阳市,克拉玛依市,3299.248,42.2
襄阳市,胡杨河市,3262.76,41.9
襄阳市,黄冈市,423.31,8.3
襄阳市,十堰市,174.385,3.5
襄阳市,武汉市,322.468,6.6
襄阳市,宜昌市,254.637,5.2
襄阳市,天门市,256.302,4.8
襄阳市,仙桃市,308.009,5.9
襄阳市,孝感市,274.761,5.5
襄阳市,神农架林区,182.103,2.8
襄阳市,潜江市,258.558,4.9
襄阳市,恩施土家族苗族自治州,553.934,11.1
襄阳市,随州市,167.978,3.4
襄阳市,荆门市,151.369,3.1
襄阳市,荆州市,249.157,4.7
襄阳市,咸宁市,398.783,7.9
襄阳市,黄石市,441.768,8.7
襄阳市,鄂州市,410.936,8.1
襄阳市,葫芦岛市,1447.524,18.4
襄阳市,沈阳市,1712.289,21.8
襄阳市,盘锦市,1621.044,20.7
襄阳市,抚顺市,1761.164,22.4
襄阳市,大连市,1471.882,21.6
襄阳市,阜新市,1627.412,20.8
襄阳市,丹东市,1856.345,23.5
襄阳市,锦州市,1492.724,19
襄阳市,营口市,1636.391,21
襄阳市,铁岭市,1762.539,22.4
襄阳市,本溪市,1738.286,22.2
襄阳市,朝阳市,1543.876,20
襄阳市,辽阳市,1693.014,21.6
襄阳市,鞍山市,1688.776,21.7
襄阳市,烟台市,1241.581,15.9
襄阳市,青岛市,744.749,9.8
襄阳市,临沂市,830.814,10.9
襄阳市,淄博市,897.99,11.7
襄阳市,聊城市,722.802,14.4
襄阳市,威海市,1302.685,16.8
襄阳市,东营市,992.477,12.8
襄阳市,潍坊市,995.019,12.8
襄阳市,日照市,917.629,11.9
襄阳市,滨州市,914.32,11.9
襄阳市,枣庄市,761.875,15.2
襄阳市,德州市,812.496,10.8
襄阳市,菏泽市,557.661,11.5
襄阳市,济南市,810.123,10.4
襄阳市,泰安市,777.539,15.6
襄阳市,济宁市,665.283,13.3
襄阳市,汉中市,573.581,7.6
襄阳市,铜川市,576.614,11.2
襄阳市,榆林市,945.559,12.6
襄阳市,商洛市,388.721,7.4
襄阳市,延安市,770.059,10
襄阳市,安康市,358.751,4.8
襄阳市,西安市,511.76,9.9
襄阳市,咸阳市,541.768,10.5
襄阳市,宝鸡市,690.415,12.9
襄阳市,渭南市,517.263,9.7
襄阳市,上海城区,1062.961,14.1
襄阳市,遵义市,913.525,12
襄阳市,铜仁市,723.555,9.4
襄阳市,黔南布依族苗族自治州,1000.681,13
襄阳市,六盘水市,1223.298,16.1
襄阳市,黔西南布依族苗族自治州,1328.082,17.1
襄阳市,安顺市,1113.484,14.3
襄阳市,黔东南苗族侗族自治州,924.921,11.9
襄阳市,毕节市,1112.344,14.4
襄阳市,贵阳市,1026.395,13.2
襄阳市,重庆郊县,588.652,12.4
襄阳市,重庆城区,804.169,10.6
襄阳市,昌都市,2074.173,31.9
襄阳市,阿里地区,4241.852,58.7
襄阳市,拉萨市,2966.662,48
襄阳市,日喀则市,3380.89,48.4
襄阳市,林芝市,2572.439,42.8
襄阳市,山南市,2980.237,48.6
襄阳市,那曲市,2891.177,41.1
襄阳市,阜阳市,458.586,8.9
襄阳市,马鞍山市,775.77,15.3
襄阳市,淮北市,633.65,12.1
襄阳市,铜陵市,724.045,14
襄阳市,安庆市,697.149,13.2
襄阳市,黄山市,788.757,10.2
襄阳市,池州市,667.536,8.8
襄阳市,蚌埠市,640.512,12.3
襄阳市,滁州市,739.873,14.4
襄阳市,宣城市,788.838,10.5
襄阳市,宿州市,608.905,11.8
襄阳市,淮南市,583.183,11.3
襄阳市,芜湖市,740.702,14.3
襄阳市,亳州市,500.696,10.2
襄阳市,合肥市,604.868,11.5
襄阳市,六安市,522.307,9.9
襄阳市,莆田市,1203.045,15.7
襄阳市,福州市,1191.222,15.6
襄阳市,漳州市,1278.004,16.5
襄阳市,宁德市,1217.181,15.8
襄阳市,泉州市,1247.473,16.1
襄阳市,厦门市,1270.002,16.6
襄阳市,南平市,1037.833,13.5
襄阳市,龙岩市,1172.744,15.1
襄阳市,三明市,1032.904,13.4
襄阳市,怀化市,657.403,8.9
襄阳市,衡阳市,768.556,14.6
襄阳市,岳阳市,412.832,7.8
襄阳市,湘西土家族苗族自治州,746.598,15.3
襄阳市,长沙市,585.526,11.1
襄阳市,张家界市,564.283,11.2
襄阳市,常德市,485.724,9.1
襄阳市,湘潭市,635.145,12.1
襄阳市,株洲市,612.355,12.1
襄阳市,邵阳市,751.132,14.8
襄阳市,郴州市,813.748,10.5
襄阳市,永州市,709.242,9.3
襄阳市,益阳市,512.464,9.8
襄阳市,娄底市,649.528,12.8
襄阳市,琼海市,1691.958,22.9
襄阳市,屯昌县,1674.802,22.6
襄阳市,昌江黎族自治县,1750.487,23.6
襄阳市,临高县,1645.156,22.3
襄阳市,万宁市,1745.581,23.5
襄阳市,东方市,1788.689,24.1
襄阳市,定安县,1638.268,22.1
襄阳市,白沙黎族自治县,1732.546,23.8
襄阳市,琼中黎族苗族自治县,1719.332,23.2
襄阳市,乐东黎族自治县,1806.185,24.2
襄阳市,澄迈县,1617.277,22.1
襄阳市,文昌市,1686.116,22.7
襄阳市,儋州市,1687.724,23.1
襄阳市,三沙市,2227.487,93.3
襄阳市,陵水黎族自治县,1798.14,24.2
襄阳市,三亚市,1865.52,25.2
襄阳市,海口市,1579.682,21.4
襄阳市,五指山市,1792.34,24.1
襄阳市,保亭黎族苗族自治县,1825.336,24.5
襄阳市,南通市,1016.659,20.6
襄阳市,连云港市,906.175,17.5
襄阳市,淮安市,860.051,16.7
襄阳市,扬州市,851.296,16.5
襄阳市,盐城市,982.326,18.6
襄阳市,宿迁市,759.462,15.1
襄阳市,镇江市,853.093,16.9
襄阳市,南京市,776.398,10.2
襄阳市,泰州市,901.499,17.8
襄阳市,徐州市,696.439,13.4
襄阳市,无锡市,957.679,18.9
襄阳市,常州市,921.816,18.4
襄阳市,苏州市,990.255,19.9
襄阳市,海东市,1244.058,15.9
襄阳市,果洛藏族自治州,1519.018,20.9
襄阳市,海南藏族自治州,1441.927,18.5
襄阳市,玉树藏族自治州,2093.045,26.9
襄阳市,海西蒙古族藏族自治州,1787.859,22.9
襄阳市,黄南藏族自治州,1333.906,17.1
襄阳市,西宁市,1307.14,16.8
襄阳市,海北藏族自治州,1406.26,18.1
襄阳市,百色市,1363.87,17.6
襄阳市,钦州市,1332.408,17.6
襄阳市,北海市,1395.315,18.4
襄阳市,柳州市,1235.106,24.4
襄阳市,南宁市,1264.076,16.9
襄阳市,梧州市,1108.669,15.2
襄阳市,桂林市,1061.703,21.3
襄阳市,贺州市,1098.871,22.5
襄阳市,来宾市,1098.09,14.6
襄阳市,贵港市,1197.963,15.9
襄阳市,河池市,1153.529,14.8
襄阳市,防城港市,1385.648,18.2
襄阳市,崇左市,1394.571,18.3
襄阳市,玉林市,1247.703,16.6
襄阳市,石嘴山市,1300.74,24.8
襄阳市,固原市,912.465,17.8
襄阳市,中卫市,1151.074,22.3
襄阳市,吴忠市,1164.287,22.1
襄阳市,银川市,1230.311,23.5
襄阳市,抚州市,823.706,16.9
襄阳市,九江市,604.374,12
襄阳市,赣州市,1044.214,20.2
襄阳市,萍乡市,681.538,13.7
襄阳市,景德镇市,913.692,17.8
襄阳市,宜春市,744.265,14.9
襄阳市,新余市,775.153,15.4
襄阳市,南昌市,667.682,13.5
襄阳市,吉安市,857.607,16.6
襄阳市,鹰潭市,876.284,17.4
襄阳市,上饶市,969.291,19.4
襄阳市,台州市,1160.627,15.3
襄阳市,宁波市,1191.698,24.8
襄阳市,嘉兴市,1029.138,20.5
襄阳市,舟山市,1245.42,16.2
襄阳市,温州市,1141.348,15.1
襄阳市,丽水市,1217.064,24.1
襄阳市,衢州市,1069.987,21
襄阳市,湖州市,959.891,18.9
襄阳市,金华市,1111.899,22.6
襄阳市,绍兴市,1073.755,21.9
襄阳市,杭州市,1024.812,20.4
襄阳市,唐山市,1182.789,24.1
襄阳市,廊坊市,1075.679,22
襄阳市,秦皇岛市,1299.623,16.5
襄阳市,张家口市,1168.115,15.1
襄阳市,石家庄市,832.131,16.7
襄阳市,邯郸市,644.76,13
襄阳市,保定市,950.622,19.4
襄阳市,承德市,1283.518,16.7
襄阳市,邢台市,702.79,14.3
襄阳市,衡水市,824.484,16.7
襄阳市,沧州市,954.887,19.2
襄阳市,嘉峪关市,1809.45,23.1
襄阳市,金昌市,1446.415,18.6
襄阳市,酒泉市,1791.219,22.9
襄阳市,兰州市,1143.22,22.1
襄阳市,白银市,1168.692,22.5
襄阳市,平凉市,813.723,15.8
襄阳市,陇南市,1062.179,21.1
襄阳市,武威市,1354.919,17.5
襄阳市,张掖市,1586.41,20.3
襄阳市,临夏回族自治州,1236.16,23.7
襄阳市,甘南藏族自治州,1321.066,25.1
襄阳市,定西市,1048.12,20.1
襄阳市,天水市,1011.961,19.3
襄阳市,庆阳市,770.224,15.1
襄阳市,巴中市,932.592,19.9
襄阳市,成都市,975.661,12.5
襄阳市,广元市,976.088,20.7
襄阳市,南充市,965.893,21.7
襄阳市,德阳市,945.918,12.2
襄阳市,绵阳市,902.479,11.7
襄阳市,遂宁市,1179.723,24.5
襄阳市,资阳市,968.822,12.8
襄阳市,广安市,788.329,10.2
襄阳市,内江市,1192.117,25.2
襄阳市,达州市,792.322,17.6
襄阳市,眉山市,1052.789,13.6
襄阳市,自贡市,1226.44,25.9
襄阳市,泸州市,1151.604,24.2
襄阳市,宜宾市,1072.625,14.4
襄阳市,乐山市,1096.208,14.3
襄阳市,攀枝花市,1606.349,20.6
襄阳市,凉山彝族自治州,1412.973,18.4
襄阳市,雅安市,1111.604,14.4
襄阳市,阿坝藏族羌族自治州,1272.081,16.7
襄阳市,甘孜藏族自治州,1234.172,16
襄阳市,天津城区,1069.076,21.7
襄阳市,昭通市,1282.091,16.6
襄阳市,曲靖市,1400.068,17.9
襄阳市,西双版纳傣族自治州,2060.234,26.3
襄阳市,丽江市,1813.781,23.5
襄阳市,保山市,2017.483,25.7
襄阳市,迪庆藏族自治州,1969.597,25.3
襄阳市,红河哈尼族彝族自治州,1648.181,21.1
襄阳市,怒江傈僳族自治州,2067.138,26.3
襄阳市,玉溪市,1618.442,20.6
襄阳市,大理白族自治州,1851.744,23.6
襄阳市,文山壮族苗族自治州,1682.546,21.6
襄阳市,普洱市,1939.489,24.7
襄阳市,楚雄彝族自治州,1695.521,21.6
襄阳市,临沧市,2018.449,25.8
襄阳市,德宏傣族景颇族自治州,2155.386,27.5
襄阳市,昆明市,1556.224,20.1
襄阳市,北京城区,1120.181,22.9
襄阳市,吉林市,2101.457,26.7
襄阳市,长春市,1992.889,25.2
襄阳市,白城市,2105.61,27.2
襄阳市,辽源市,1918.945,24.3
襄阳市,松原市,2106.506,26.8
襄阳市,白山市,2016.668,25.7
襄阳市,通化市,1957.264,24.8
襄阳市,四平市,1892.043,24.1
襄阳市,延边朝鲜族自治州,2328.873,29.8
襄阳市,临汾市,653.907,12.8
襄阳市,阳泉市,867.33,17.3
襄阳市,太原市,896.782,17.6
襄阳市,朔州市,1167.227,23
襄阳市,吕梁市,885.608,17.2
襄阳市,大同市,1184.046,24.1
襄阳市,晋中市,861.325,16.9
襄阳市,晋城市,527.15,11
襄阳市,长治市,621.052,12.9
襄阳市,忻州市,1101.478,22
襄阳市,运城市,541.724,10.7
赤峰市,洛阳市,1199.25,15.9
赤峰市,三门峡市,1306.844,17.4
赤峰市,漯河市,1210.377,16.1
赤峰市,许昌市,1156.635,15.3
赤峰市,南阳市,1329.444,17.5
赤峰市,信阳市,1381.538,18.2
赤峰市,济源市,1149.606,15.3
赤峰市,濮阳市,964.808,18.7
赤峰市,驻马店市,1275.843,16.9
赤峰市,鹤壁市,1023.371,19.9
赤峰市,焦作市,1081.933,14.6
赤峰市,郑州市,1096.644,14.7
赤峰市,安阳市,985.808,19.3
赤峰市,周口市,1195.482,15.8
赤峰市,开封市,1053.319,14.3
赤峰市,新乡市,1012.101,13.4
赤峰市,商丘市,1089.948,14.6
赤峰市,平顶山市,1237.678,16.4
赤峰市,汕头市,2520.685,32.7
赤峰市,佛山市,2539.43,32.9
赤峰市,肇庆市,2568.443,33.1
赤峰市,惠州市,2469.587,31.8
赤峰市,深圳市,2559.434,33
赤峰市,珠海市,2635.2,33.9
赤峰市,湛江市,2856.166,36.8
赤峰市,江门市,2595.332,33.4
赤峰市,潮州市,2499.922,32.5
赤峰市,汕尾市,2565.738,33.3
赤峰市,茂名市,2784.207,35.7
赤峰市,阳江市,2728.526,35.1
赤峰市,揭阳市,2476.687,32.3
赤峰市,云浮市,2591.646,33.3
赤峰市,河源市,2389.818,30.8
赤峰市,梅州市,2372.955,30.7
赤峰市,韶关市,2310.253,29.8
赤峰市,广州市,2515.056,32.3
赤峰市,清远市,2461.688,31.7
赤峰市,中山市,2602.596,33.5
赤峰市,东莞市,2557.218,32.9
赤峰市,乌海市,1321.025,18.2
赤峰市,包头市,939.871,15.8
赤峰市,巴彦淖尔市,1174.535,16.3
赤峰市,呼伦贝尔市,1083.162,15.8
赤峰市,阿拉善盟,1437.358,19.6
赤峰市,通辽市,418.434,6.7
赤峰市,兴安盟,705.565,11.2
赤峰市,锡林郭勒盟,479.078,7
赤峰市,呼和浩特市,778.772,13.1
赤峰市,乌兰察布市,626.372,10.5
赤峰市,鄂尔多斯市,1061.866,17.8
赤峰市,大兴安岭地区,1297.196,16.8
赤峰市,七台河市,1249.483,16.1
赤峰市,鹤岗市,1257.441,16.2
赤峰市,伊春市,1171.11,15
赤峰市,哈尔滨市,937.73,15.9
赤峰市,绥化市,1068.321,17.4
赤峰市,齐齐哈尔市,974.916,15.6
赤峰市,佳木斯市,1195.623,15.4
赤峰市,大庆市,919.163,15.2
赤峰市,鸡西市,1239.993,16
赤峰市,双鸭山市,1269.943,16.3
赤峰市,黑河市,1316.046,17.5
赤峰市,牡丹江市,1072.114,13.8
赤峰市,铁门关市,3279.071,43.4
赤峰市,塔城地区,3634.474,47.5
赤峰市,北屯市,3366.931,44.1
赤峰市,昆玉市,4048.485,55.5
赤峰市,双河市,3524.48,45.9
赤峰市,可克达拉市,3716.667,48.5
赤峰市,和田地区,3986.134,55
赤峰市,博尔塔拉蒙古自治州,3551.562,46.3
赤峰市,乌鲁木齐市,3075.863,40.3
赤峰市,昌吉回族自治州,3098.069,40.6
赤峰市,阿勒泰地区,3414.268,44.8
赤峰市,巴音郭楞蒙古自治州,3236.478,42.9
赤峰市,五家渠市,3109.965,40.8
赤峰市,阿克苏地区,3775.921,49.9
赤峰市,石河子市,3199.061,41.9
赤峰市,伊犁哈萨克自治州,3646.091,49.6
赤峰市,阿拉尔市,3757.451,50.1
赤峰市,喀什地区,4241.977,55.7
赤峰市,克孜勒苏柯尔克孜自治州,4192.282,55
赤峰市,吐鲁番市,2874.809,37.7
赤峰市,图木舒克市,3997.985,52.6
赤峰市,哈密市,2484.381,32.7
赤峰市,克拉玛依市,3371.491,44.1
赤峰市,胡杨河市,3335.003,43.7
赤峰市,黄冈市,1540.832,20.2
赤峰市,十堰市,1551.759,20.4
赤峰市,武汉市,1566.706,20.8
赤峰市,襄阳市,1462.422,19.1
赤峰市,宜昌市,1698.88,22.8
赤峰市,天门市,1580.999,20.7
赤峰市,仙桃市,1618.859,21.1
赤峰市,孝感市,1526.279,19.9
赤峰市,神农架林区,1631.958,21.3
赤峰市,潜江市,1623.806,21.3
赤峰市,恩施土家族苗族自治州,1900.34,24.9
赤峰市,随州市,1450.511,19.2
赤峰市,荆门市,1589.063,20.8
赤峰市,荆州市,1662.399,21.8
赤峰市,咸宁市,1647.626,21.6
赤峰市,黄石市,1590.288,20.9
赤峰市,鄂州市,1551.961,20.6
赤峰市,葫芦岛市,321.196,5.8
赤峰市,沈阳市,483.762,9.2
赤峰市,盘锦市,409.552,7.7
赤峰市,抚顺市,572.398,9.9
赤峰市,大连市,657.629,12.3
赤峰市,阜新市,290.72,4
赤峰市,丹东市,683.815,12.9
赤峰市,锦州市,282.168,5.7
赤峰市,营口市,424.899,8
赤峰市,铁岭市,498.385,6.6
赤峰市,本溪市,503.394,9.5
赤峰市,朝阳市,181.707,3.7
赤峰市,辽阳市,478.053,9.1
赤峰市,鞍山市,469.767,9.2
赤峰市,烟台市,1089.705,14.2
赤峰市,青岛市,1029.043,13.8
赤峰市,临沂市,1002.67,13.6
赤峰市,淄博市,807.246,16.7
赤峰市,聊城市,833.982,16.7
赤峰市,威海市,860.982,17.3
赤峰市,东营市,767.749,15.8
赤峰市,潍坊市,877.849,17.8
赤峰市,日照市,1037.853,13.8
赤峰市,滨州市,728.542,15
赤峰市,枣庄市,1039.903,13.9
赤峰市,德州市,713.767,14.3
赤峰市,菏泽市,1000.182,20.2
赤峰市,济南市,791.927,16.2
赤峰市,泰安市,871.073,17.6
赤峰市,济宁市,982.776,19.6
赤峰市,汉中市,1750.653,23.1
赤峰市,铜川市,1449.333,19
赤峰市,榆林市,1156.241,15.5
赤峰市,商洛市,1524.516,20.1
赤峰市,延安市,1319.018,17.4
赤峰市,安康市,1687.656,22.2
赤峰市,西安市,1471.385,19.5
赤峰市,咸阳市,1494.299,19.8
赤峰市,宝鸡市,1634.184,21.4
赤峰市,渭南市,1418.524,18.8
赤峰市,上海城区,1577.388,21.1
赤峰市,遵义市,2364.333,30.8
赤峰市,铜仁市,2174.363,28.1
赤峰市,黔南布依族苗族自治州,2451.489,31.7
赤峰市,六盘水市,2667.927,34.7
赤峰市,黔西南布依族苗族自治州,2778.89,35.8
赤峰市,安顺市,2564.292,33
赤峰市,黔东南苗族侗族自治州,2375.729,30.6
赤峰市,毕节市,2545.071,33
赤峰市,贵阳市,2477.203,31.9
赤峰市,重庆郊县,1894.066,24.8
赤峰市,重庆城区,2145.578,28
赤峰市,昌都市,3279.906,45.1
赤峰市,阿里地区,4963.104,68.2
赤峰市,拉萨市,3951.559,55.5
赤峰市,日喀则市,4102.142,57.8
赤峰市,林芝市,3784.097,58.4
赤峰市,山南市,4063.748,57
赤峰市,那曲市,3612.429,50.6
赤峰市,阜阳市,1262.348,17.1
赤峰市,马鞍山市,1437.784,18.7
赤峰市,淮北市,1189.982,15.6
赤峰市,铜陵市,1524.244,20.2
赤峰市,安庆市,1597.47,21
赤峰市,黄山市,1703.186,21.9
赤峰市,池州市,1590.26,21.1
赤峰市,蚌埠市,1296.301,17.2
赤峰市,滁州市,1377.086,17.9
赤峰市,宣城市,1534.733,20.1
赤峰市,宿州市,1219.545,15.9
赤峰市,淮南市,1367.7,17.8
赤峰市,芜湖市,1480.993,19.4
赤峰市,亳州市,1154.623,15.5
赤峰市,合肥市,1452.496,18.8
赤峰市,六安市,1410.08,18.6
赤峰市,莆田市,2313.375,30.1
赤峰市,福州市,2224.335,28.9
赤峰市,漳州市,2420.97,31.4
赤峰市,宁德市,2131.651,27.7
赤峰市,泉州市,2387.288,30.9
赤峰市,厦门市,2417.657,31.4
赤峰市,南平市,2148.642,27.9
赤峰市,龙岩市,2315.71,30
赤峰市,三明市,2180.559,28.3
赤峰市,怀化市,2108.211,27.6
赤峰市,衡阳市,2038,26.3
赤峰市,岳阳市,1736.529,22.7
赤峰市,湘西土家族苗族自治州,2072.196,26.8
赤峰市,长沙市,1884.525,24.4
赤峰市,张家界市,1920.344,24.9
赤峰市,常德市,1825.888,23.9
赤峰市,湘潭市,1912.693,24.8
赤峰市,株洲市,1914.207,24.9
赤峰市,邵阳市,2056.823,26.7
赤峰市,郴州市,2162.634,27.9
赤峰市,永州市,2164.719,28
赤峰市,益阳市,1877.355,24.4
赤峰市,娄底市,1977.52,25.7
赤峰市,琼海市,3132.462,41
赤峰市,屯昌县,3115.306,40.8
赤峰市,昌江黎族自治县,3190.991,41.8
赤峰市,临高县,3085.66,40.5
赤峰市,万宁市,3186.085,41.6
赤峰市,东方市,3229.193,42.4
赤峰市,定安县,3078.772,40.2
赤峰市,白沙黎族自治县,3173.05,42
赤峰市,琼中黎族苗族自治县,3159.836,41.3
赤峰市,乐东黎族自治县,3246.689,42.3
赤峰市,澄迈县,3057.781,40.3
赤峰市,文昌市,3126.62,40.9
赤峰市,儋州市,3128.228,41.3
赤峰市,三沙市,3667.991,111.6
赤峰市,陵水黎族自治县,3238.644,42.3
赤峰市,三亚市,3306.024,43.4
赤峰市,海口市,3020.186,39.5
赤峰市,五指山市,3232.844,42.2
赤峰市,保亭黎族苗族自治县,3265.84,42.6
赤峰市,南通市,1441.777,18.6
赤峰市,连云港市,1092.891,14.3
赤峰市,淮安市,1207.881,16
赤峰市,扬州市,1334.83,17.4
赤峰市,盐城市,1275.216,16.8
赤峰市,宿迁市,1125.247,14.9
赤峰市,镇江市,1368.257,17.6
赤峰市,南京市,1377.754,18.1
赤峰市,泰州市,1352.813,17.5
赤峰市,徐州市,1123.644,14.7
赤峰市,无锡市,1460.466,19.3
赤峰市,常州市,1404.207,18.2
赤峰市,苏州市,1491.658,19.7
赤峰市,海东市,1965.31,25.4
赤峰市,果洛藏族自治州,2566.15,33.2
赤峰市,海南藏族自治州,2163.179,27.9
赤峰市,玉树藏族自治州,2814.297,36.3
赤峰市,海西蒙古族藏族自治州,2509.111,32.3
赤峰市,黄南藏族自治州,2119.834,27.5
赤峰市,西宁市,2028.392,26.2
赤峰市,海北藏族自治州,2127.512,27.6
赤峰市,百色市,2814.678,36.2
赤峰市,钦州市,2797.036,36
赤峰市,北海市,2859.943,36.9
赤峰市,柳州市,2497.805,32.2
赤峰市,南宁市,2728.704,35.2
赤峰市,梧州市,2549.388,32.9
赤峰市,桂林市,2355.428,30.4
赤峰市,贺州市,2431.976,31.7
赤峰市,来宾市,2562.718,33
赤峰市,贵港市,2662.591,34.3
赤峰市,河池市,2600.362,33.4
赤峰市,防城港市,2850.276,36.6
赤峰市,崇左市,2859.199,36.7
赤峰市,玉林市,2715.173,34.9
赤峰市,石嘴山市,1351.771,18.8
赤峰市,固原市,1727.104,22.5
赤峰市,中卫市,1558.969,21.4
赤峰市,吴忠市,1434.131,19.9
赤峰市,银川市,1425.557,19.3
赤峰市,抚州市,1911.908,24.9
赤峰市,九江市,1698.783,22.3
赤峰市,赣州市,2147.852,27.9
赤峰市,萍乡市,1959.913,25.5
赤峰市,景德镇市,1741.057,22.9
赤峰市,宜春市,1915.097,25
赤峰市,新余市,1907.567,25.1
赤峰市,南昌市,1811.342,24
赤峰市,吉安市,1982.832,25.6
赤峰市,鹰潭市,1868.447,24.4
赤峰市,上饶市,1884.359,24.2
赤峰市,台州市,1853.136,23.9
赤峰市,宁波市,1724.16,22.3
赤峰市,嘉兴市,1577.97,20.5
赤峰市,舟山市,1789.464,23.3
赤峰市,温州市,1913.312,24.7
赤峰市,丽水市,1858.146,23.9
赤峰市,衢州市,1802.277,23.1
赤峰市,湖州市,1527.759,19.7
赤峰市,金华市,1769.26,22.9
赤峰市,绍兴市,1659.055,21.7
赤峰市,杭州市,1602.956,21.2
赤峰市,唐山市,382.779,7.4
赤峰市,廊坊市,454.021,8.7
赤峰市,秦皇岛市,371.16,5.9
赤峰市,张家口市,503.052,8.8
赤峰市,石家庄市,743.832,14.5
赤峰市,邯郸市,911.052,17.5
赤峰市,保定市,591.602,11.5
赤峰市,承德市,198.629,3.5
赤峰市,邢台市,871.017,16.6
赤峰市,衡水市,719.15,13.9
赤峰市,沧州市,608.978,12
赤峰市,嘉峪关市,2197.678,29.6
赤峰市,金昌市,1836.472,25
赤峰市,酒泉市,2181.543,29.2
赤峰市,兰州市,1833.76,23.9
赤峰市,白银市,1765.896,22.9
赤峰市,平凉市,1700.32,22.3
赤峰市,陇南市,2183.91,37.1
赤峰市,武威市,1836.584,28.6
赤峰市,张掖市,2014.993,30
赤峰市,临夏回族自治州,1986.584,32.9
赤峰市,甘南藏族自治州,2089.667,34.9
赤峰市,定西市,1866.063,31
赤峰市,天水市,1920.174,31.9
赤峰市,庆阳市,1691.405,28.2
赤峰市,巴中市,1907.753,24.9
赤峰市,成都市,2201.719,28.6
赤峰市,广元市,1914.65,25.1
赤峰市,南充市,2076.79,26.9
赤峰市,德阳市,2124.206,27.6
赤峰市,绵阳市,2079.551,27.1
赤峰市,遂宁市,2115.402,27.5
赤峰市,资阳市,2236.424,29.3
赤峰市,广安市,2090.04,27.2
赤峰市,内江市,2249.976,29.3
赤峰市,达州市,1938.469,25.4
赤峰市,眉山市,2265.369,29.6
赤峰市,自贡市,2293.256,29.7
赤峰市,泸州市,2316.734,30.4
赤峰市,宜宾市,2395.441,31.7
赤峰市,乐山市,2329.38,30.3
赤峰市,攀枝花市,2818.007,36.4
赤峰市,凉山彝族自治州,2624.631,34
赤峰市,雅安市,2323.262,30.1
赤峰市,阿坝藏族羌族自治州,2449.153,32
赤峰市,甘孜藏族自治州,2445.83,31.7
赤峰市,天津城区,478.495,9.2
赤峰市,昭通市,2600.937,33.8
赤峰市,曲靖市,2850.876,36.6
赤峰市,西双版纳傣族自治州,3466.107,44.9
赤峰市,丽江市,3025.439,39.2
赤峰市,保山市,3239.269,41.8
赤峰市,迪庆藏族自治州,3181.255,41.1
赤峰市,红河哈尼族彝族自治州,3098.989,39.8
赤峰市,怒江傈僳族自治州,3288.924,42.4
赤峰市,玉溪市,3024.268,39
赤峰市,大理白族自治州,3060.881,39.6
赤峰市,文山壮族苗族自治州,3133.354,40.3
赤峰市,普洱市,3345.362,43.1
赤峰市,楚雄彝族自治州,3030.962,39.2
赤峰市,临沧市,3304.305,43.6
赤峰市,德宏傣族景颇族自治州,3377.172,43.5
赤峰市,昆明市,2962.05,38.5
赤峰市,北京城区,425.934,8.1
赤峰市,吉林市,843.014,13.9
赤峰市,长春市,704.652,11.8
赤峰市,白城市,749.452,11.9
赤峰市,辽源市,683.677,11.6
赤峰市,松原市,721.501,11.9
赤峰市,白山市,881.594,14.7
赤峰市,通化市,758.39,13.9
赤峰市,四平市,602.515,10.2
赤峰市,延边朝鲜族自治州,1170.859,19.6
赤峰市,临汾市,1200.454,23.8
赤峰市,阳泉市,853.344,16.8
赤峰市,太原市,999.592,18.2
赤峰市,朔州市,827.089,14.4
赤峰市,吕梁市,1103.215,20
赤峰市,大同市,722.089,12.3
赤峰市,晋中市,941.929,18.6
赤峰市,晋城市,1164.94,22.9
赤峰市,长治市,1068.815,20.7
赤峰市,忻州市,929.473,16.8
赤峰市,运城市,1352.016,27.2
